Case,Stock,Date,Actual,Predicted,Risk_Class,Feature,LIME_Contribution
Highest predicted volatility,ETERNAL,2025-01-22,0.03433756157755852,0.03443678468465805,High Risk,High_Low_Pct,0.006426084605101714
Highest predicted volatility,ETERNAL,2025-01-22,0.03433756157755852,0.03443678468465805,High Risk,Rolling_Volatility_20D,0.003167157569369624
Highest predicted volatility,ETERNAL,2025-01-22,0.03433756157755852,0.03443678468465805,High Risk,Rolling_Volatility_60D,0.001956297682146868
Highest predicted volatility,ETERNAL,2025-01-22,0.03433756157755852,0.03443678468465805,High Risk,Volume_Ratio,-0.001188080926039736
Highest predicted volatility,ETERNAL,2025-01-22,0.03433756157755852,0.03443678468465805,High Risk,Volatility_Ratio,-0.0011861128468188874
Highest predicted volatility,ETERNAL,2025-01-22,0.03433756157755852,0.03443678468465805,High Risk,Price_MA50_Ratio,0.0011467035906442909
Highest predicted volatility,ETERNAL,2025-01-22,0.03433756157755852,0.03443678468465805,High Risk,Volume_Change,-0.0010467044773786874
Highest predicted volatility,ETERNAL,2025-01-22,0.03433756157755852,0.03443678468465805,High Risk,Gap_Pct,-0.0010274046335396075
Highest predicted volatility,ETERNAL,2025-01-22,0.03433756157755852,0.03443678468465805,High Risk,Daily_Return,0.0010259911023761629
Highest predicted volatility,ETERNAL,2025-01-22,0.03433756157755852,0.03443678468465805,High Risk,ATR_14,-0.00090941728070408
Highest predicted volatility,ETERNAL,2025-01-22,0.03433756157755852,0.03443678468465805,High Risk,Price_MA20_Ratio,-0.0007293074239690406
Highest predicted volatility,ETERNAL,2025-01-22,0.03433756157755852,0.03443678468465805,High Risk,MACD_Histogram,-0.0006876527899530303
Highest predicted volatility,ETERNAL,2025-01-22,0.03433756157755852,0.03443678468465805,High Risk,MACD,-0.0005907553673457726
Highest predicted volatility,ETERNAL,2025-01-22,0.03433756157755852,0.03443678468465805,High Risk,Beta_Causal,0.00038456708178135
Highest predicted volatility,ETERNAL,2025-01-22,0.03433756157755852,0.03443678468465805,High Risk,RSI_14,-0.0003062042529556592
Highest predicted volatility,ETERNAL,2025-01-22,0.03433756157755852,0.03443678468465805,High Risk,Momentum_20D,-9.476630790308997e-05
Lowest predicted volatility,MARUTI,2025-11-12,0.009648146107792854,0.00459284707903862,Low Risk,High_Low_Pct,0.006084446208976789
Lowest predicted volatility,MARUTI,2025-11-12,0.009648146107792854,0.00459284707903862,Low Risk,Rolling_Volatility_20D,0.0023431610979413207
Lowest predicted volatility,MARUTI,2025-11-12,0.009648146107792854,0.00459284707903862,Low Risk,Volume_Ratio,-0.0015995939600519848
Lowest predicted volatility,MARUTI,2025-11-12,0.009648146107792854,0.00459284707903862,Low Risk,Price_MA50_Ratio,0.0012802624746635733
Lowest predicted volatility,MARUTI,2025-11-12,0.009648146107792854,0.00459284707903862,Low Risk,ATR_14,-0.0012337646508907938
Lowest predicted volatility,MARUTI,2025-11-12,0.009648146107792854,0.00459284707903862,Low Risk,Beta_Causal,0.0009759709415252783
Lowest predicted volatility,MARUTI,2025-11-12,0.009648146107792854,0.00459284707903862,Low Risk,Momentum_20D,0.0008867669444909115
Lowest predicted volatility,MARUTI,2025-11-12,0.009648146107792854,0.00459284707903862,Low Risk,Rolling_Volatility_60D,0.0008860949857700774
Lowest predicted volatility,MARUTI,2025-11-12,0.009648146107792854,0.00459284707903862,Low Risk,MACD,-0.000777779370859451
Lowest predicted volatility,MARUTI,2025-11-12,0.009648146107792854,0.00459284707903862,Low Risk,Volume_Change,-0.00072948853472909
Lowest predicted volatility,MARUTI,2025-11-12,0.009648146107792854,0.00459284707903862,Low Risk,Daily_Return,0.0006362158252594481
Lowest predicted volatility,MARUTI,2025-11-12,0.009648146107792854,0.00459284707903862,Low Risk,MACD_Histogram,0.0005390759493867513
Lowest predicted volatility,MARUTI,2025-11-12,0.009648146107792854,0.00459284707903862,Low Risk,Volatility_Ratio,-0.0004414357362323731
Lowest predicted volatility,MARUTI,2025-11-12,0.009648146107792854,0.00459284707903862,Low Risk,Price_MA20_Ratio,-0.00029255673659974173
Lowest predicted volatility,MARUTI,2025-11-12,0.009648146107792854,0.00459284707903862,Low Risk,RSI_14,-0.00014858594868920425
Lowest predicted volatility,MARUTI,2025-11-12,0.009648146107792854,0.00459284707903862,Low Risk,Gap_Pct,-1.0586242319588259e-05
Largest prediction error,INDUSINDBK,2025-03-06,0.06713107228279114,0.016623640432953835,Low Risk,High_Low_Pct,0.006134482280493758
Largest prediction error,INDUSINDBK,2025-03-06,0.06713107228279114,0.016623640432953835,Low Risk,Rolling_Volatility_20D,0.002159460392388208
Largest prediction error,INDUSINDBK,2025-03-06,0.06713107228279114,0.016623640432953835,Low Risk,MACD,-0.0013140338221896385
Largest prediction error,INDUSINDBK,2025-03-06,0.06713107228279114,0.016623640432953835,Low Risk,Volume_Ratio,-0.0012812798070690004
Largest prediction error,INDUSINDBK,2025-03-06,0.06713107228279114,0.016623640432953835,Low Risk,Daily_Return,0.00099119161347513
Largest prediction error,INDUSINDBK,2025-03-06,0.06713107228279114,0.016623640432953835,Low Risk,Volatility_Ratio,-0.0009566656592542178
Largest prediction error,INDUSINDBK,2025-03-06,0.06713107228279114,0.016623640432953835,Low Risk,Volume_Change,-0.0009252349664859238
Largest prediction error,INDUSINDBK,2025-03-06,0.06713107228279114,0.016623640432953835,Low Risk,Price_MA50_Ratio,0.0006129331708299242
Largest prediction error,INDUSINDBK,2025-03-06,0.06713107228279114,0.016623640432953835,Low Risk,Rolling_Volatility_60D,0.0005604748361226755
Largest prediction error,INDUSINDBK,2025-03-06,0.06713107228279114,0.016623640432953835,Low Risk,Beta_Causal,0.0005540825820629261
Largest prediction error,INDUSINDBK,2025-03-06,0.06713107228279114,0.016623640432953835,Low Risk,MACD_Histogram,-0.0004983849863179194
Largest prediction error,INDUSINDBK,2025-03-06,0.06713107228279114,0.016623640432953835,Low Risk,Momentum_20D,0.0002641679899386934
Largest prediction error,INDUSINDBK,2025-03-06,0.06713107228279114,0.016623640432953835,Low Risk,ATR_14,-0.00025261016209947356
Largest prediction error,INDUSINDBK,2025-03-06,0.06713107228279114,0.016623640432953835,Low Risk,RSI_14,-9.66016160590972e-05
Largest prediction error,INDUSINDBK,2025-03-06,0.06713107228279114,0.016623640432953835,Low Risk,Price_MA20_Ratio,-7.666685947716632e-05
Largest prediction error,INDUSINDBK,2025-03-06,0.06713107228279114,0.016623640432953835,Low Risk,Gap_Pct,-4.373876390338252e-05
Closest to risk threshold,BEL,2025-02-10,0.025367509573698044,0.021290844306349754,High Risk,High_Low_Pct,0.005991380856031391
Closest to risk threshold,BEL,2025-02-10,0.025367509573698044,0.021290844306349754,High Risk,Rolling_Volatility_20D,0.0019485001208529597
Closest to risk threshold,BEL,2025-02-10,0.025367509573698044,0.021290844306349754,High Risk,MACD,-0.0014209968223213736
Closest to risk threshold,BEL,2025-02-10,0.025367509573698044,0.021290844306349754,High Risk,Volume_Ratio,-0.0011077681745171647
Closest to risk threshold,BEL,2025-02-10,0.025367509573698044,0.021290844306349754,High Risk,Volume_Change,-0.000808426872539479
Closest to risk threshold,BEL,2025-02-10,0.025367509573698044,0.021290844306349754,High Risk,Rolling_Volatility_60D,0.0007704344273526353
Closest to risk threshold,BEL,2025-02-10,0.025367509573698044,0.021290844306349754,High Risk,Daily_Return,0.0007599413829259335
Closest to risk threshold,BEL,2025-02-10,0.025367509573698044,0.021290844306349754,High Risk,Price_MA50_Ratio,0.00074910685749773
Closest to risk threshold,BEL,2025-02-10,0.025367509573698044,0.021290844306349754,High Risk,Beta_Causal,0.000690897166568455
Closest to risk threshold,BEL,2025-02-10,0.025367509573698044,0.021290844306349754,High Risk,Volatility_Ratio,-0.0006113810117609913
Closest to risk threshold,BEL,2025-02-10,0.025367509573698044,0.021290844306349754,High Risk,MACD_Histogram,-0.0004759684482504748
Closest to risk threshold,BEL,2025-02-10,0.025367509573698044,0.021290844306349754,High Risk,ATR_14,-0.00044455109453526385
Closest to risk threshold,BEL,2025-02-10,0.025367509573698044,0.021290844306349754,High Risk,Momentum_20D,0.00026803167777210315
Closest to risk threshold,BEL,2025-02-10,0.025367509573698044,0.021290844306349754,High Risk,Price_MA20_Ratio,0.00023882415916637835
Closest to risk threshold,BEL,2025-02-10,0.025367509573698044,0.021290844306349754,High Risk,Gap_Pct,0.00020327574116798568
Closest to risk threshold,BEL,2025-02-10,0.025367509573698044,0.021290844306349754,High Risk,RSI_14,-0.00016785652258507447
