Feature,Mean_Absolute_LIME
High_Low_Pct,0.006159098487650913
Rolling_Volatility_20D,0.002404569795138028
Volume_Ratio,0.0012941807169194715
Rolling_Volatility_60D,0.0010433254828480642
MACD,0.0010258913456790589
Price_MA50_Ratio,0.0009472515234088796
Volume_Change,0.000877463712783295
Daily_Return,0.0008533349810091686
Volatility_Ratio,0.0007988988135166174
ATR_14,0.0007100857970574028
Beta_Causal,0.0006513794429845024
MACD_Histogram,0.0005502705434770439
Momentum_20D,0.0003784332300261995
Price_MA20_Ratio,0.00033433879480308174
Gap_Pct,0.00032125134523264097
RSI_14,0.00017981208507225879
