Feature,Mean_Absolute_LIME,Mean_Abs_SHAP
ATR_14,0.0007100857970574028,7.982574451610414e-06
Beta_Causal,0.0006513794429845024,6.734090971894185e-06
Daily_Return,0.0008533349810091686,7.243347136160546e-06
Gap_Pct,0.00032125134523264097,6.190596916614414e-06
High_Low_Pct,0.006159098487650913,5.133427563233698e-05
MACD,0.0010258913456790589,7.518483299647209e-06
MACD_Histogram,0.0005502705434770439,4.286609048089087e-06
Momentum_20D,0.0003784332300261995,7.577094495717934e-06
Price_MA20_Ratio,0.00033433879480308174,1.576629040547932e-06
Price_MA50_Ratio,0.0009472515234088796,1.002325349919844e-05
RSI_14,0.00017981208507225879,4.723713423071264e-06
Rolling_Volatility_20D,0.002404569795138028,2.4234827850009703e-05
Rolling_Volatility_60D,0.0010433254828480642,9.069017966593612e-06
Volatility_Ratio,0.0007988988135166174,1.0961821703318988e-05
Volume_Change,0.000877463712783295,1.1470369356712022e-05
Volume_Ratio,0.0012941807169194715,1.5270956647003572e-05
