Expected_Return,Volatility,Sharpe_Ratio
0.18902391324776113,0.09979854456776609,1.8940548087793851
0.1948931251227179,0.09981145249740944,1.9526128539986556
0.200762336997722,0.0998501719280606,2.0106358669303637
0.20663154887271162,0.09991467285213454,2.0680801225112275
0.21250076074775726,0.10000490538244358,2.124903372840578
0.21836997262275298,0.10011932918878728,2.1810970408220536
0.22423918449774155,0.10025502916569952,2.236687639151982
0.23010839637275238,0.10041232052537652,2.2916350819180464
0.2359776082476969,0.10059166879819162,2.34589614693756
0.241846820122748,0.10079295740481868,2.399441650981717
0.24771603199778813,0.1010160551687207,2.4522441663757686
0.25358524387269143,0.10126050097847654,2.5042858905723993
0.2594544557477317,0.10152608657177407,2.555544732479271
0.2653236676227544,0.1018148207320965,2.605943473798336
0.2711928794977746,0.10212641223953224,2.655462710877434
0.2770620913727563,0.10246025965032307,2.704093199825135
0.28293130324771343,0.10281614610057117,2.751817822182908
0.2888005151227303,0.1031940626457254,2.798615615262757
0.29466972699771776,0.10359482255540745,2.8444445362133264
0.30053893887275995,0.10401830034054967,2.8892890759492658
0.3064081507477099,0.10446437516325445,2.933135341774289
0.31227736262272,0.10493308204022937,2.9759667451967027
0.31814657449773853,0.10542412930287841,3.017777586606562
0.32401578637273937,0.10593714864159029,3.058566239770708
0.3298849982477391,0.10647167486701024,3.098335765449224
0.3357542101226942,0.10702854655506544,3.1370528791582815
0.34162342199772067,0.10760847598061463,3.1746887862185056
0.34749263387276796,0.108220217679523,3.2109770366736115
0.35336184574769935,0.1088703361811732,3.2457128189598237
0.35923105762275337,0.10955826915827432,3.278904097177613
0.36510026949771035,0.11028465748269173,3.310526394435326
0.3709694813727339,0.11104923816125183,3.340585559299906
0.3768386932477602,0.11185127061985872,3.3691051622336605
0.3827079051227501,0.11268995512186082,3.39611374153887
0.3885771169977298,0.11356457282151672,3.421640282206982
0.39444632887274267,0.11447583195310201,3.4456733979827097
0.40031554074772835,0.11542247998708119,3.4682632082808666
0.40618475262266984,0.11640389538596516,3.4894429544292005
0.4120539644977096,0.11742183394821043,3.509176706262724
0.417923176372772,0.11847607034781898,3.5274901939762513
0.4237923882477188,0.11956654194648433,3.544406163702552
0.42966160012270005,0.12069527658706014,3.559887447731028
0.4355308119976621,0.12187022575400018,3.5737261443726056
0.44140002387274924,0.12309190783186777,3.5859386018751214
0.4472692357477098,0.12436819643032593,3.5963312855331218
0.4531384476227137,0.12571043965279802,3.6046206573952424
0.459007659497649,0.12711726858860234,3.610899326221086
0.4648768713727136,0.12858756333445645,3.615255311772011
0.4707460832478214,0.1301191859811696,3.617806856830062
0.4766152951227349,0.1317109006741733,3.6186473001333948
