Stock,Equal_Weight,Minimum_Volatility,Maximum_Sharpe,Equal_Weight_Pct,Minimum_Volatility_Pct,Maximum_Sharpe_Pct
APOLLOHOSP,0.02040816326530612,0.03081564174210113,0.2746108931717041,2.0408163265306123,3.0815641742101127,27.461089317170412
ASIANPAINT,0.02040816326530612,0.031423885520952495,0.26184971178686567,2.0408163265306123,3.1423885520952495,26.184971178686567
AXISBANK,0.02040816326530612,1.7612131975086354e-17,0.1733166508710433,2.0408163265306123,1.7612131975086354e-15,17.33166508710433
BHARTIARTL,0.02040816326530612,0.011849523435466625,0.0820164402557177,2.0408163265306123,1.1849523435466625,8.20164402557177
CIPLA,0.02040816326530612,0.03520020299538733,0.053143112445840336,2.0408163265306123,3.5200202995387326,5.314311244584034
BAJAJ-AUTO,0.02040816326530612,0.006758473212809243,0.046529567593562346,2.0408163265306123,0.6758473212809244,4.652956759356234
ADANIPORTS,0.02040816326530612,0.0,0.045546161303141396,2.0408163265306123,0.0,4.554616130314139
HINDUNILVR,0.02040816326530612,0.1343934873767155,0.031760160216763283,2.0408163265306123,13.43934873767155,3.1760160216763285
DRREDDY,0.02040816326530612,0.0726688621855355,0.031227302355332272,2.0408163265306123,7.266886218553551,3.1227302355332274
ULTRACEMCO,0.02040816326530612,0.0,1.5494112954304995e-14,2.0408163265306123,0.0,1.5494112954304995e-12
SHRIRAMFIN,0.02040816326530612,1.3833388189701527e-17,1.2009725467801758e-14,2.0408163265306123,1.3833388189701527e-15,1.2009725467801758e-12
WIPRO,0.02040816326530612,0.0,8.994931142780662e-15,2.0408163265306123,0.0,8.994931142780662e-13
TRENT,0.02040816326530612,4.221409984774608e-18,6.7302429983632956e-15,2.0408163265306123,4.221409984774608e-16,6.730242998363296e-13
TITAN,0.02040816326530612,0.03203296659727047,6.013530523973282e-15,2.0408163265306123,3.203296659727047,6.013530523973282e-13
TATASTEEL,0.02040816326530612,0.0,5.936066313990884e-15,2.0408163265306123,0.0,5.936066313990884e-13
JIOFIN,0.02040816326530612,2.7898786927570496e-18,4.722278607536035e-15,2.0408163265306123,2.7898786927570496e-16,4.722278607536035e-13
M&M,0.02040816326530612,0.0,4.605746916582155e-15,2.0408163265306123,0.0,4.605746916582155e-13
POWERGRID,0.02040816326530612,0.0,3.0919849139533947e-15,2.0408163265306123,0.0,3.091984913953395e-13
SBIN,0.02040816326530612,0.007765006706666535,2.2647645036303802e-15,2.0408163265306123,0.7765006706666535,2.26476450363038e-13
ONGC,0.02040816326530612,0.0,2.068222024336219e-15,2.0408163265306123,0.0,2.0682220243362189e-13
JSWSTEEL,0.02040816326530612,0.0,1.9683295098136828e-15,2.0408163265306123,0.0,1.9683295098136828e-13
RELIANCE,0.02040816326530612,0.0,1.8145650897786053e-15,2.0408163265306123,0.0,1.8145650897786053e-13
SUNPHARMA,0.02040816326530612,0.09430545048029894,1.6298479484878501e-15,2.0408163265306123,9.430545048029893,1.62984794848785e-13
LT,0.02040816326530612,2.1578925267022465e-18,1.3484803936903995e-15,2.0408163265306123,2.1578925267022463e-16,1.3484803936903994e-13
TECHM,0.02040816326530612,1.3089070531236786e-17,1.1671595539955772e-15,2.0408163265306123,1.3089070531236787e-15,1.1671595539955773e-13
NTPC,0.02040816326530612,5.786753498702595e-18,9.432914912661337e-16,2.0408163265306123,5.786753498702595e-16,9.432914912661337e-14
NESTLEIND,0.02040816326530612,0.03475557007696208,6.070347798404634e-16,2.0408163265306123,3.4755570076962083,6.070347798404634e-14
TCS,0.02040816326530612,0.09853066183124143,2.624298124954068e-16,2.0408163265306123,9.853066183124144,2.624298124954068e-14
ADANIENT,0.02040816326530612,0.0,0.0,2.0408163265306123,0.0,0.0
COALINDIA,0.02040816326530612,0.0,0.0,2.0408163265306123,0.0,0.0
BAJAJFINSV,0.02040816326530612,0.0,0.0,2.0408163265306123,0.0,0.0
BAJFINANCE,0.02040816326530612,0.0,0.0,2.0408163265306123,0.0,0.0
BEL,0.02040816326530612,1.0984380377066794e-18,0.0,2.0408163265306123,1.0984380377066794e-16,0.0
HCLTECH,0.02040816326530612,4.911419856003786e-18,0.0,2.0408163265306123,4.911419856003785e-16,0.0
GRASIM,0.02040816326530612,0.0,0.0,2.0408163265306123,0.0,0.0
ETERNAL,0.02040816326530612,1.1363450378855125e-17,0.0,2.0408163265306123,1.1363450378855125e-15,0.0
EICHERMOT,0.02040816326530612,0.0,0.0,2.0408163265306123,0.0,0.0
MARUTI,0.02040816326530612,0.041999095131934984,0.0,2.0408163265306123,4.199909513193498,0.0
KOTAKBANK,0.02040816326530612,0.030277436459710923,0.0,2.0408163265306123,3.0277436459710922,0.0
INDUSINDBK,0.02040816326530612,0.006716516540314725,0.0,2.0408163265306123,0.6716516540314725,0.0
INFY,0.02040816326530612,5.0779363091456285e-18,0.0,2.0408163265306123,5.077936309145629e-16,0.0
HDFCBANK,0.02040816326530612,0.08449839625859717,0.0,2.0408163265306123,8.449839625859717,0.0
HEROMOTOCO,0.02040816326530612,0.0,0.0,2.0408163265306123,0.0,0.0
ITC,0.02040816326530612,0.11215744140365644,0.0,2.0408163265306123,11.215744140365643,0.0
HDFCLIFE,0.02040816326530612,0.04363682338462948,0.0,2.0408163265306123,4.363682338462948,0.0
HINDALCO,0.02040816326530612,0.0,0.0,2.0408163265306123,0.0,0.0
ICICIBANK,0.02040816326530612,0.09021455865974906,0.0,2.0408163265306123,9.021455865974906,0.0
SBILIFE,0.02040816326530612,2.674724809448738e-18,0.0,2.0408163265306123,2.674724809448738e-16,0.0
TATACONSUM,0.02040816326530612,1.477028141554874e-18,0.0,2.0408163265306123,1.477028141554874e-16,0.0
