Model_Prediction,SHAP_Reconstructed,Reconstruction_Error,Abs_Reconstruction_Error
0.012723303,0.012897446040572257,-0.00017414264059218906,0.00017414264059218906
0.0119361095,0.011334220642954737,0.0006018888700896202,0.0006018888700896202
0.011909968,0.011442880519959675,0.0004670876997378004,0.0004670876997378004
0.011167739,0.011447202187593881,-0.00027946360092968164,0.00027946360092968164
0.011339891,0.011805797647282085,-0.0004659068766679382,0.0004659068766679382
0.009027868,0.009168228466822465,-0.00014036088885243693,0.00014036088885243693
0.012633252,0.01344936132196489,-0.0008161093643695421,0.0008161093643695421
0.011448908,0.011594460373215326,-0.0001455527073069892,0.0001455527073069892
0.010557874,0.009688618832740995,0.0008692552731297282,0.0008692552731297282
0.012549959,0.012585853007661178,-3.589388452656522e-05,3.589388452656522e-05
0.011533697,0.010863240138957043,0.0006704569967894355,0.0006704569967894355
0.0122745475,0.012731473434452929,-0.0004569259544061795,0.0004569259544061795
0.012518769,0.01266910578621724,-0.0001503366561064999,0.0001503366561064999
0.012774228,0.012893999903244954,-0.00011977178488491169,0.00011977178488491169
0.0119721545,0.012079367769831872,-0.00010721327918217227,0.00010721327918217227
0.011620807,0.011428806736603826,0.00019200072483673697,0.00019200072483673697
0.008594917,0.009041297446482209,-0.00044638031303170095,0.00044638031303170095
0.012083258,0.012131473461254275,-4.8215912743246325e-05,4.8215912743246325e-05
0.010470447,0.010678585503176196,-0.00020813837267492571,0.00020813837267492571
0.011566698,0.011624687589783505,-5.798996992810099e-05,5.798996992810099e-05
0.01051585,0.010617839076932952,-0.00010198903959660229,0.00010198903959660229
0.012297689,0.011981575757440962,0.0003161132259398326,0.0003161132259398326
0.01205228,0.012483217781926032,-0.00043093788489186394,0.00043093788489186394
0.012121962,0.012438634915753963,-0.0003166725323644898,0.0003166725323644898
0.014110597,0.014290697998595975,-0.00018010114808156286,0.00018010114808156286
0.013613339,0.013444441097071283,0.00016889748514641034,0.00016889748514641034
0.013126054,0.013164362816699068,-3.830896932653649e-05,3.830896932653649e-05
0.013404396,0.014096500623927425,-0.0006921042613247143,0.0006921042613247143
0.014074917,0.014041063107520289,3.385384383802932e-05,3.385384383802932e-05
0.013913753,0.013963598878879963,-4.984543641370354e-05,4.984543641370354e-05
0.013793647,0.013380393388462862,0.00041325390081326137,0.00041325390081326137
0.014093764,0.01412237954125866,-2.861541495784853e-05,2.861541495784853e-05
0.01353309,0.01388495154186747,-0.00035186130061409457,0.00035186130061409457
0.014563567,0.01477723208098134,-0.00021366507588347315,0.00021366507588347315
0.013305579,0.013712120212638866,-0.0004065409004931561,0.0004065409004931561
0.013690242,0.013460730552760248,0.00022951105973374394,0.00022951105973374394
0.013896729,0.01347627849299261,0.00042045037280967826,0.00042045037280967826
0.0143765295,0.013900351608206022,0.0004761778842318175,0.0004761778842318175
0.014328878,0.014646736504892831,-0.0003178581319851926,0.0003178581319851926
0.013494747,0.013828564190188299,-0.0003338174306544168,0.0003338174306544168
0.012988334,0.012943334780956063,4.4998809372630635e-05,4.4998809372630635e-05
0.0145713,0.015061202032712285,-0.0004899022562773869,0.0004899022562773869
0.014518992,0.014701057796482501,-0.00018206575245088147,0.00018206575245088147
0.012913729,0.01317451357333287,-0.0002607845091663237,0.0002607845091663237
0.013535674,0.013327540102741956,0.0002081336273334032,0.0002081336273334032
0.013260248,0.013705907882268583,-0.00044565976511970647,0.00044565976511970647
0.014114076,0.014079578296795696,3.4497974857479116e-05,3.4497974857479116e-05
0.014287247,0.014116540931839306,0.00017070639066044634,0.00017070639066044634
0.015196183,0.014702976205057075,0.0004932065600095487,0.0004932065600095487
0.015920188,0.01601883571009174,-9.864743213191737e-05,9.864743213191737e-05
0.016331647,0.015700077273464418,0.0006315693179605245,0.0006315693179605245
0.014794822,0.014274086431415865,0.0005207354195396214,0.0005207354195396214
0.015613305,0.015370621481484586,0.00024268390094596762,0.00024268390094596762
0.015656624,0.01581758667668882,-0.0001609626873451779,0.0001609626873451779
0.01483483,0.015017219452088669,-0.00018238984597285061,0.00018238984597285061
0.014834515,0.015157769130225391,-0.000323254311139793,0.000323254311139793
0.016513405,0.016330035571372577,0.00018336979635947062,0.00018336979635947062
0.014811379,0.014442810239967338,0.00036856866371966224,0.00036856866371966224
0.015460617,0.015145172480431998,0.0003154444285354968,0.0003154444285354968
0.016601397,0.01681496579410562,-0.00021356906952390078,0.00021356906952390078
0.015792033,0.015740544132073483,5.14885716838033e-05,5.14885716838033e-05
0.016850706,0.016784850132567107,6.585605730372729e-05,6.585605730372729e-05
0.016634718,0.01733279246092821,-0.0006980748772718974,0.0006980748772718974
0.015572508,0.01568360699562804,-0.00011109912990109327,0.00011109912990109327
0.014961683,0.014783793642545992,0.00017788954881305108,0.00017788954881305108
0.01576864,0.015587976793272318,0.00018066295005577694,0.00018066295005577694
0.016562618,0.016980694716796363,-0.00041807640157648374,0.00041807640157648374
0.015065487,0.014886478885595663,0.0001790076572848725,0.0001790076572848725
0.01627791,0.01604999507111861,0.00022791420775102045,0.00022791420775102045
0.015863143,0.014940774659644298,0.0009223682479751784,0.0009223682479751784
0.0147250695,0.014634735177039579,9.033433836750683e-05,9.033433836750683e-05
0.015579096,0.01587276590013001,-0.00029366985851023153,0.00029366985851023153
0.017745584,0.01770493059348111,4.0653656015351286e-05,4.0653656015351286e-05
0.017783852,0.018081188799821374,-0.00029733650573396386,0.00029733650573396386
0.018056732,0.017556688739942466,0.0005000429311524286,0.0005000429311524286
0.01724766,0.017186187215863048,6.147286969584304e-05,6.147286969584304e-05
0.023035215,0.023235548693448783,-0.00020033347955393868,0.00020033347955393868
0.017996386,0.01814038040554342,-0.00014399471199330952,0.00014399471199330952
0.018573564,0.018651467205030973,-7.790365908866628e-05,7.790365908866628e-05
0.017237427,0.017336591359331733,-9.916464622271651e-05,9.916464622271651e-05
0.018897237,0.019111657481364615,-0.00021442022519529633,0.00021442022519529633
0.018541954,0.018551531002558148,-9.576544798290537e-06,9.576544798290537e-06
0.02160898,0.02204768209964937,-0.00043870172710126776,0.00043870172710126776
0.023885347,0.024561751071736276,-0.000676404122635782,0.000676404122635782
0.026507765,0.02613769930749832,0.00037006574720443997,0.00037006574720443997
0.017080616,0.01706058799502042,2.0028210910291028e-05,2.0028210910291028e-05
0.01943221,0.020061018275519885,-0.000628808843394793,0.000628808843394793
0.01705498,0.017169006176505394,-0.00011402555576355,0.00011402555576355
0.018014323,0.017915081926387785,9.924103994941869e-05,9.924103994941869e-05
0.018947497,0.01911807510680302,-0.00017057809657200149,0.00017057809657200149
0.017346285,0.017199629588897574,0.00014665569466794717,0.00014665569466794717
0.021538233,0.02180856322116259,-0.00027032983667257815,0.00027032983667257815
0.017990839,0.018081228197964292,-9.038946166859199e-05,9.038946166859199e-05
0.018936977,0.01892104138179897,1.5935408629191156e-05,1.5935408629191156e-05
0.019190399,0.01884835868554874,0.0003420402906580411,0.0003420402906580411
0.024338253,0.02440737364591012,-6.912080348382005e-05,6.912080348382005e-05
0.034436785,0.034102061823157184,0.0003347228615008663,0.0003347228615008663
0.004592847,0.005181116960790207,-0.0005882698817515873,0.0005882698817515873
0.01662364,0.016254447487335382,0.0003691929456184524,0.0003691929456184524
0.021290844,0.021104038501287937,0.00018680580506181751,0.00018680580506181751
