Feature,Mean_Abs_SHAP
High_Low_Pct,5.133427563233698e-05
Rolling_Volatility_20D,2.4234827850009703e-05
Volume_Ratio,1.5270956647003572e-05
Volume_Change,1.1470369356712022e-05
Volatility_Ratio,1.0961821703318988e-05
Price_MA50_Ratio,1.0023253499198441e-05
Rolling_Volatility_60D,9.069017966593613e-06
ATR_14,7.982574451610414e-06
Momentum_20D,7.577094495717934e-06
MACD,7.518483299647209e-06
Daily_Return,7.243347136160546e-06
Beta_Causal,6.734090971894185e-06
Gap_Pct,6.190596916614414e-06
RSI_14,4.723713423071264e-06
MACD_Histogram,4.286609048089087e-06
Price_MA20_Ratio,1.576629040547932e-06
