Feature,Mean_Signed_SHAP
High_Low_Pct,-2.381707433197831e-05
Rolling_Volatility_20D,-1.1440849581989473e-05
Rolling_Volatility_60D,-4.517729839021915e-06
Price_MA50_Ratio,-2.1951831813814914e-06
Volume_Change,-1.440026188011876e-06
MACD,-1.3140905272091573e-06
MACD_Histogram,-1.0001901011833993e-06
Volume_Ratio,-7.964050505467193e-07
Gap_Pct,-5.426036072033275e-07
Price_MA20_Ratio,9.350707604137493e-09
Volatility_Ratio,3.1322569310740555e-08
Daily_Return,3.6578034589402254e-08
ATR_14,1.3055365462718966e-07
RSI_14,5.194305587946035e-07
Momentum_20D,1.1763590371259456e-06
Beta_Causal,1.2206985009271312e-06
