Lookback_Position,Daily_Return,Rolling_Volatility_20D,Rolling_Volatility_60D,Price_MA20_Ratio,Price_MA50_Ratio,Momentum_20D,RSI_14,MACD,MACD_Histogram,ATR_14,Beta_Causal,Volatility_Ratio,Volume_Ratio,Volume_Change,High_Low_Pct,Gap_Pct
1,2.1770984095841394e-11,1.0510403006397339e-10,4.4105177684093105e-11,3.238387952552292e-11,1.252661683919687e-10,6.018325916400869e-11,6.615835545027866e-11,8.106169204744425e-11,1.982030743233982e-11,4.1166176890472015e-11,1.687187877704366e-11,6.067620280458603e-11,7.84754341404904e-11,6.456241419465729e-11,2.625090094691609e-10,7.760908384415076e-11
2,4.2227478568221515e-11,1.3688042433883979e-10,4.891589657545372e-11,5.951798999521659e-11,1.678792953330495e-10,7.070432547147556e-11,6.820602472665668e-11,7.083691230618917e-11,7.346734981396528e-11,1.0550538924113906e-10,3.0018136095172e-11,6.357168955751736e-11,1.5542595786199645e-10,9.256873690426845e-11,3.8297363966057166e-10,1.8094455641332573e-10
3,5.270219506995381e-11,1.6484267978717353e-10,5.942131805781358e-11,7.878817434630477e-11,2.1656791025876562e-10,9.735513751132731e-11,7.897895266677592e-11,1.2690543920736892e-10,6.201027044502187e-11,6.121772937261109e-11,4.2019522782911395e-11,6.076331500118373e-11,1.9076078271709975e-10,1.3280852219508147e-10,4.058625564539544e-10,1.5874033708067251e-10
4,6.370266129008608e-11,2.1294517669162425e-10,6.465534822113675e-11,9.037163685392407e-11,2.9197891459098026e-10,1.1867902840856736e-10,9.097348834462293e-11,1.4161290508948828e-10,7.400033696086231e-11,9.041585122580628e-11,6.273938135477668e-11,6.321891873004402e-11,2.292462119741783e-10,1.957473797726394e-10,6.195271961199892e-10,2.715591806757863e-10
5,7.37770161765979e-11,2.798076357822675e-10,1.0080907757998587e-10,1.2159865236726049e-10,3.942628251871833e-10,1.605924044741317e-10,1.261447532688291e-10,1.9042277015931484e-10,4.588056141039157e-11,1.5278538110869343e-10,8.997830850236695e-11,7.997565748634057e-11,3.0135290150823387e-10,2.4887769854871773e-10,7.20659675168218e-10,2.896791388226435e-10
6,1.0392621113333445e-10,3.6656215117320917e-10,1.1997766683567828e-10,1.471964994380797e-10,4.948676875450468e-10,2.0197116690821592e-10,1.6160612981632054e-10,2.70933382543655e-10,3.217473635759967e-11,2.132390252271254e-10,1.2720054565492494e-10,8.137328869717125e-11,3.2187086504755624e-10,2.6267128553902663e-10,1.0941978546398545e-09,3.9358359200861824e-10
7,1.4000957470135713e-10,4.841787287903529e-10,1.2676908216822395e-10,1.8106733103816985e-10,6.53624815337424e-10,2.705839302096765e-10,1.79694079314497e-10,3.68934003312628e-10,6.042626867299717e-11,3.0070965976368207e-10,1.6351753895416192e-10,1.0223866236964962e-10,4.217870720217043e-10,4.3453278838639677e-10,1.143399571336624e-09,3.5740114521164885e-10
8,2.3884687800715814e-10,6.370971220097788e-10,2.162315654080654e-10,2.5027749778240603e-10,8.764947973765326e-10,3.3685996407971236e-10,2.2573712922367595e-10,4.513925732004655e-10,1.9990543782663546e-10,4.202952778431105e-10,2.149730757065967e-10,1.2800688308565093e-10,7.857728289126388e-10,5.428631651407567e-10,1.7272792836583826e-09,5.273414699689616e-10
9,3.110483343359374e-10,9.128323989559426e-10,2.594837160081708e-10,3.0435674493774137e-10,1.1225184032743054e-09,4.4228356040152333e-10,2.726575946040517e-10,6.250896034095197e-10,1.6526086044137053e-10,5.446421644666323e-10,3.0766684742081907e-10,1.536555952061487e-10,7.047710734075006e-10,5.166790316077569e-10,2.1748749349725323e-09,7.71152806095929e-10
10,3.088594414732743e-10,1.1808681474073226e-09,3.0995045471764625e-10,4.118568818144703e-10,1.5398161216312474e-09,6.137526071561321e-10,3.64873148884148e-10,8.258040405581255e-10,1.8196700915350388e-10,6.981195151094875e-10,3.784002116490413e-10,1.738584883605315e-10,7.101583841948019e-10,6.530019150519573e-10,2.742086053495645e-09,8.259047648997814e-10
11,4.1894179146997e-10,1.4770364619087067e-09,3.9513874553627725e-10,5.439314543733363e-10,2.1175241464826535e-09,8.199303514090494e-10,4.409422039559204e-10,1.0154881799034795e-09,2.564216234841898e-10,9.287225828965097e-10,4.849853119836825e-10,2.2824032350319004e-10,1.0344308677005416e-09,1.0875871475208062e-09,4.036480116690164e-09,9.114111725427541e-10
12,5.943213657686224e-10,1.9037260944938127e-09,4.892479859744168e-10,6.589609653334053e-10,2.692218350780143e-09,1.0672914059074857e-09,5.781126867601063e-10,1.2509420769864623e-09,2.821436102319512e-10,1.2289525019963547e-09,6.353441468182813e-10,2.884982023149456e-10,2.013981557506983e-09,1.520627413203888e-09,4.365549002093178e-09,1.7165482972496268e-09
13,6.717365698767771e-10,2.5774113815942625e-09,8.467286200290265e-10,8.691310593757814e-10,3.4794544434565375e-09,1.3869848977092224e-09,7.844195555727835e-10,1.4884139365963542e-09,4.616328347182738e-10,1.579251086284179e-09,8.495394867470038e-10,3.879495470037845e-10,2.5770138758433197e-09,1.682670383526255e-09,6.8634827869667884e-09,2.449046562719831e-09
14,9.515233160466101e-10,3.2755682006973947e-09,1.22956349578813e-09,1.0395785710411808e-09,4.60319859517153e-09,1.6523499429378036e-09,9.539179446539372e-10,1.8942642320618515e-09,5.96454847028592e-10,2.2855963051248365e-09,1.0928047016948493e-09,4.046087895481083e-10,2.5077665294430055e-09,2.244747963393937e-09,7.987734889046464e-09,2.0143397307314884e-09
15,1.456939946254664e-09,4.068178665970107e-09,1.4357824915907249e-09,1.4061443765018893e-09,6.018362110075002e-09,1.9489810450756196e-09,1.3158762350575437e-09,2.7866325977999547e-09,5.626368710602576e-10,2.7079516353885142e-09,1.3858369569754887e-09,5.456702722730374e-10,3.0737996294843187e-09,2.82561236666949e-09,8.996485829051287e-09,3.4751297476219625e-09
16,1.5778993909935765e-09,5.179342354496865e-09,1.7072435092044457e-09,1.8217968766639024e-09,7.909773672090992e-09,2.394595353769342e-09,1.4668383211965065e-09,3.27359097614463e-09,8.838067283847585e-10,3.394198075860419e-09,1.7419331111133843e-09,7.309151518996896e-10,4.8389699185214125e-09,3.3694593569708085e-09,1.062552515502274e-08,3.4821189221360385e-09
17,2.0449398449287303e-09,6.576883527138152e-09,2.2373414582579485e-09,2.2935694046754115e-09,9.990081146242023e-09,2.9431739277500235e-09,1.934021686475013e-09,4.175177041884656e-09,8.900529933959881e-10,3.695617037276424e-09,2.287685297215178e-09,8.058755779707521e-10,6.246163837562658e-09,5.528592617251814e-09,1.400287139530522e-08,3.4559307923233676e-09
18,2.896304199464488e-09,8.758912032615835e-09,3.617052987836918e-09,2.9465648123392874e-09,1.228547212575798e-08,3.9246353056674924e-09,2.8598131708773228e-09,4.970611472666674e-09,1.0985216701650308e-09,4.790725534427017e-09,3.035859812114322e-09,1.0955651238581052e-09,6.651015734377576e-09,5.601635912816252e-09,2.3378408608687323e-08,6.731091994849716e-09
19,2.8781899428987156e-09,1.1395479086966875e-08,4.278171876844511e-09,3.366079319049596e-09,1.6407960061602864e-08,5.359167507517779e-09,3.4747134916997713e-09,5.7751568493734686e-09,1.0839257359011067e-09,6.199370193531726e-09,3.786434058393398e-09,1.6559177396609112e-09,9.852811028587908e-09,8.298379865573176e-09,2.7588200832496862e-08,7.748249880269186e-09
20,5.295257576695955e-09,1.52470338546277e-08,6.0582119196741485e-09,5.104671438675574e-09,2.0241698740670256e-08,6.947657469630121e-09,4.601859893255543e-09,7.507674890796644e-09,1.88480959665928e-09,8.154108174694573e-09,5.297680587073701e-09,1.6835328932847259e-09,1.0816433685505597e-08,1.0667486654521913e-08,3.72305806708726e-08,9.077317467527443e-09
21,5.34117794163489e-09,1.8995527859033702e-08,7.0935252448535905e-09,5.663125075765418e-09,2.593847991615577e-08,8.469741039157452e-09,5.303331118862786e-09,9.503228560106665e-09,2.4772417516428305e-09,1.0308631523932019e-08,6.561011776347646e-09,2.4036427551641235e-09,1.4446601775175905e-08,1.472422673237701e-08,4.1776047617755496e-08,9.8299980780728e-09
22,8.763498838412867e-09,2.4811073385426497e-08,8.431381166331073e-09,8.607110670884532e-09,3.2865193918866644e-08,1.092406899247967e-08,6.897737810440781e-09,1.208963864739291e-08,3.1691128615198525e-09,1.3646157009522383e-08,8.579523856832596e-09,3.4058447405110937e-09,2.1175214367080165e-08,2.070380127975479e-08,5.830500580628435e-08,1.5422499111912677e-08
23,9.373083773333233e-09,3.0391030902326226e-08,1.150246643430805e-08,1.0024632119878205e-08,4.17180460171903e-08,1.4578649547422604e-08,8.528103264005103e-09,1.4029310618502928e-08,3.177705211849371e-09,1.666255066053406e-08,1.1164475161806713e-08,4.26105448306431e-09,3.1881207959022544e-08,2.3543982235833196e-08,6.641929817586996e-08,2.5962214861737803e-08
24,1.4777481152040867e-08,4.344151687712432e-08,1.6150065245901235e-08,1.1762286963862142e-08,4.927699447801397e-08,1.9304651467213965e-08,1.1046005159140492e-08,1.8823573980545698e-08,3.930972367624027e-09,2.0703550289686138e-08,1.55173577803252e-08,5.615159362812101e-09,3.241181424422083e-08,2.6887215414965362e-08,1.4061447322132972e-07,3.435818940098488e-08
25,1.7535749416018745e-08,5.536655715360143e-08,2.121668200822177e-08,1.4028190205000058e-08,6.292938082728892e-08,2.5233875106890452e-08,1.3363936981758793e-08,2.5640759194413742e-08,5.799308405260604e-09,2.6021096468791506e-08,1.9381986862031108e-08,6.846249962583978e-09,6.831405605654352e-08,4.4552483585191974e-08,1.2900430929699658e-07,4.679538290772839e-08
26,2.4694869474220665e-08,7.409122597243492e-08,2.8130373940550722e-08,1.9712578493134228e-08,8.510109101414058e-08,3.128552577133367e-08,1.7438322403547e-08,3.5284733833227725e-08,8.07772535105121e-09,3.4611205339734354e-08,2.4708439211900482e-08,1.0186119993622816e-08,5.496102687364442e-08,5.2971345992738535e-08,1.706345963635346e-07,5.615374186840586e-08
27,3.2085062841299665e-08,9.207000087283352e-08,3.634044297957792e-08,2.4741981208175345e-08,1.0838205963226424e-07,4.094196172565282e-08,2.3520680091810586e-08,5.026646889264642e-08,1.2742680666916208e-08,4.317181305765759e-08,3.155950221071121e-08,1.2435712201201647e-08,7.632875860182986e-08,6.832644750842942e-08,2.3206423226404696e-07,1.032115408524637e-07
28,3.447616809635029e-08,1.1741148313799146e-07,4.56076734966931e-08,3.0624743406444484e-08,1.455347173107951e-07,5.142856852256076e-08,2.955832086205271e-08,6.36405046504236e-08,1.687704989087136e-08,5.607406119202307e-08,4.0019258918820464e-08,1.4768837742195913e-08,1.0060271392084199e-07,8.114801472978596e-08,2.731875879064489e-07,7.392415921275227e-08
29,4.772002870393793e-08,1.5225088972251243e-07,6.365015554356754e-08,4.310908759261376e-08,1.9495164040889626e-07,6.532912891199606e-08,4.219212763031385e-08,8.751501442819295e-08,1.790942334616001e-08,7.226994584408204e-08,5.4536896133470694e-08,1.9009490215970253e-08,1.318238971438869e-07,1.0705267754641899e-07,3.5787745404411893e-07,1.0092612345158248e-07
30,5.727515823831022e-08,1.9657945196674734e-07,8.126350125703905e-08,5.116336025248813e-08,2.2602512158509301e-07,7.959519867011222e-08,5.230026668911411e-08,1.2121289944239085e-07,2.2089929406115507e-08,9.124940000697641e-08,6.818714876641273e-08,2.6491099663285392e-08,1.628095014685612e-07,1.5286474271026413e-07,4.630548702271395e-07,1.2143637394545193e-07
31,8.270927763003412e-08,2.451464277981352e-07,1.0311541934226978e-07,6.118973237660442e-08,3.035939666399445e-07,1.0649033497878846e-07,6.243134169285956e-08,1.5394758680082074e-07,2.802120503329006e-08,1.1884261126683275e-07,8.755772336872063e-08,3.164867348383824e-08,2.0370085328392624e-07,1.7878471067065573e-07,5.475057342907691e-07,1.4248137521229197e-07
32,9.935498735047339e-08,3.148237218365101e-07,1.216776510747192e-07,7.728755221790492e-08,3.856743812202133e-07,1.3535963830127218e-07,8.35981330993529e-08,1.9972814472913138e-07,3.4317333035340814e-08,1.5029344534377106e-07,1.0990451602265085e-07,3.7306818466967066e-08,2.6522490248398063e-07,2.3627635790274685e-07,7.733928594642179e-07,2.3282372316211416e-07
33,1.166349749183255e-07,3.9456834554416324e-07,1.463105815686464e-07,9.034236405980438e-08,4.91708158581189e-07,1.7659062884318855e-07,9.793211202396045e-08,2.4519161590829463e-07,4.8635849533363426e-08,1.8591510731842695e-07,1.4025425221565326e-07,5.8415179582823973e-08,3.438694509033505e-07,3.339675101251509e-07,9.429843357773927e-07,2.326080513121784e-07
34,1.648768070954326e-07,4.917921929013623e-07,2.270712619183892e-07,1.2306597118158277e-07,5.967388096659203e-07,2.2573398987527233e-07,1.2740546558563375e-07,3.0963945562359343e-07,6.621986248312919e-08,2.4008248377960274e-07,1.8159426207251963e-07,7.25588436084929e-08,4.211835122512662e-07,3.8302655129838116e-07,1.377468819861849e-06,3.1622063831560124e-07
35,2.2182285177124986e-07,6.791928541871195e-07,2.7337918057104867e-07,1.474735560382566e-07,7.600317069105937e-07,2.977905917712247e-07,1.5434784795827667e-07,3.74457160385764e-07,6.878987108483443e-08,2.935466210978005e-07,2.250456548140737e-07,8.106510160352646e-08,7.866993388822336e-07,6.393967370056572e-07,1.617989622535623e-06,3.66575421022525e-07
36,2.574728477862777e-07,9.180445425928989e-07,3.4684686199771784e-07,1.9466288877140714e-07,9.975214983346636e-07,3.9339855610983224e-07,1.991219878820315e-07,4.585551510583445e-07,9.609744007420094e-08,3.872335327089077e-07,2.738171977676451e-07,1.0954698676292098e-07,6.331082848753604e-07,6.347266767929391e-07,1.8203894923387066e-06,5.429649674081283e-07
37,4.408735264264803e-07,1.139932602151497e-06,4.656233093253917e-07,2.5676241702737585e-07,1.1657108340606033e-06,4.524649492974555e-07,2.6106891323791093e-07,6.05061871949007e-07,1.1683664642712005e-07,4.796049120941713e-07,3.662075989433457e-07,1.3918978110049052e-07,9.495708280497e-07,9.166055121021741e-07,3.314443016103757e-06,8.522579023484377e-07
38,4.618150073180576e-07,1.4461087341588559e-06,6.024116726174601e-07,3.2439079165729965e-07,1.5243582198154612e-06,5.991469785609447e-07,2.885231402857685e-07,7.231394287388084e-07,1.5771276184202173e-07,6.218074151539767e-07,4.817518972772169e-07,2.0560802660169442e-07,1.340454029762387e-06,1.1118421975140081e-06,3.821778583904944e-06,9.201902305714127e-07
39,6.487434367905988e-07,1.8583927177399354e-06,6.548735840883211e-07,4.1353318955455146e-07,2.1114530253460856e-06,8.263119806434946e-07,3.845052455371681e-07,9.000099447791349e-07,2.0750585242651404e-07,8.240791280269245e-07,5.839930789214326e-07,2.682660907064235e-07,2.13536316925689e-06,1.8177448985016114e-06,4.725798512098765e-06,9.540642028953804e-07
40,8.666411467820593e-07,2.2590550113519135e-06,9.302929021547805e-07,5.217058853214482e-07,2.7594961280466083e-06,1.0988228895856173e-06,5.230854929203843e-07,1.130324710354691e-06,2.5978036865581804e-07,1.157593088579745e-06,7.36736012744508e-07,3.6936497361477477e-07,2.9567505493857713e-06,2.2774147539669623e-06,6.855551682830967e-06,1.849875227314486e-06
41,1.1629590688456234e-06,2.978690342970658e-06,1.0787297016369082e-06,6.834073865675964e-07,3.6600900124135025e-06,1.4349820237240363e-06,6.091348853644845e-07,1.5253720617547009e-06,3.501415076317041e-07,1.418596525069471e-06,9.089601158029207e-07,4.1798855641046476e-07,2.9532478108254268e-06,2.5417300536735176e-06,7.241240856203583e-06,2.041732328611032e-06
42,1.218638940701157e-06,3.8041739447466827e-06,1.2497202329076854e-06,7.378843070752488e-07,4.352997162129968e-06,1.7105911003424263e-06,8.453593599731275e-07,1.9576449120011536e-06,4.5127947700742627e-07,1.7056048960065742e-06,1.0892214419103123e-06,5.45761339909646e-07,3.714337259853758e-06,3.0030199464097836e-06,1.085908824875673e-05,2.6001424059330948e-06
43,1.7847141578503445e-06,4.932341374744077e-06,1.7294388772498726e-06,8.125857963719323e-07,5.620312988246996e-06,2.1743361739639357e-06,1.0401157138161668e-06,2.457863051463493e-06,4.716715629468305e-07,2.2160896623239743e-06,1.5160763803927324e-06,6.751927005371833e-07,5.422997048258742e-06,4.415994705440164e-06,1.4700994253962472e-05,3.694259948011726e-06
44,2.2656988060614407e-06,5.670876839757443e-06,2.389885461171142e-06,8.718145802303947e-07,7.113121259319185e-06,2.580482320299628e-06,1.1333699063295463e-06,3.2346286404148175e-06,6.096606816912116e-07,2.9430461431150993e-06,1.980011171089714e-06,6.971275146611356e-07,7.078034373148008e-06,5.551784693868167e-06,1.8295291890548583e-05,4.156919971232902e-06
45,3.3677229145008856e-06,7.305480183021508e-06,2.9064519218427406e-06,8.570794998810301e-07,9.413733865523803e-06,3.7526946233819947e-06,1.3723945389409152e-06,4.098900993903551e-06,7.361356481170896e-07,3.844773502000887e-06,2.3174411092239813e-06,1.0410816142911838e-06,1.1103265535837778e-05,9.379378946788362e-06,2.6436012197501292e-05,6.8769216938620695e-06
46,4.346076127022113e-06,8.55947848719891e-06,4.340038341100566e-06,1.1014417845706445e-06,1.1922205174080007e-05,4.494049650352825e-06,1.7414869967808263e-06,5.1860733667310914e-06,9.718960651487938e-07,5.069989819665259e-06,2.918932444287635e-06,1.1683487816884763e-06,1.4352879414698171e-05,9.633301336901213e-06,3.545074137965576e-05,8.79415192812131e-06
47,6.5946876437579385e-06,9.743696168933073e-06,4.672936925786844e-06,1.2954654117985802e-06,1.4155632781087388e-05,5.936560069674104e-06,1.9967794603961265e-06,5.948463210469127e-06,1.4657206105275882e-06,6.409660242030714e-06,3.333280885545916e-06,1.835430509009862e-06,2.0375208255613316e-05,1.8482556350239004e-05,4.058636917313113e-05,8.968252942669012e-06
48,7.855962551179086e-06,1.0756447192907853e-05,4.902611342018291e-06,1.1598074278239331e-06,1.781890492573688e-05,8.424075887493524e-06,2.4986501232003194e-06,6.924074909056141e-06,1.7546599629674035e-06,8.064095954163436e-06,4.029528264855757e-06,2.382423507932953e-06,3.328935169654386e-05,2.159040749195809e-05,5.641488571459664e-05,1.1756430036162381e-05
49,1.0378467437523775e-05,1.157700490181218e-05,6.6931478122179735e-06,1.7288400629888344e-06,2.3286102539540715e-05,1.0411746693974254e-05,2.879131034021105e-06,7.925223890835306e-06,2.3955620999048135e-06,1.0094676988640523e-05,4.798579466722896e-06,3.036662845473656e-06,2.9923514374276423e-05,2.314317046246293e-05,7.472893175265094e-05,1.3586448948083226e-05
50,1.1940085513343723e-05,1.1585796051363257e-05,6.705265364829245e-06,1.9514546226588195e-06,2.829970119254874e-05,1.3549951975831114e-05,3.497549060960455e-06,8.484173513810266e-06,3.1784917419516052e-06,1.182063524904079e-05,5.673716157971834e-06,4.2769258819185766e-06,3.844964234671599e-05,2.91984583349292e-05,9.567232667942337e-05,9.586983945520804e-06
51,1.9604666553287684e-05,9.093664705786152e-06,5.722358524419332e-06,2.7581428327612046e-06,3.297408699178188e-05,1.7651088094790124e-05,4.85523628895989e-06,8.293127361294305e-06,4.632451985706975e-06,1.3682205327953403e-05,6.430198807948946e-06,5.227793386405911e-06,5.4021465873924395e-05,3.6445748901189036e-05,0.00010422756437349593,1.6849717785323015e-05
52,2.236709073075436e-05,6.157629166564315e-06,6.413730935014015e-06,3.2475369114236427e-06,3.985935364154491e-05,2.0738298326107833e-05,8.155963795314349e-06,8.185074003660634e-06,6.0399132684380836e-06,1.6718858234697012e-05,8.014692369068616e-06,5.742550402883761e-06,4.967333058729947e-05,2.9671909957904008e-05,0.00013330458398501732,2.3504626506784528e-05
53,3.0112556841259767e-05,1.649304150222221e-05,1.195798577133477e-05,3.98625891901276e-06,4.4548715723680864e-05,2.6922980604132014e-05,1.343377664043287e-05,6.170537246363073e-06,7.936259582378492e-06,1.677203598680147e-05,9.785337087585857e-06,1.0924772512013493e-05,8.054881091344841e-05,6.113527048498902e-05,0.00017913016688315278,1.869491885152423e-05
54,3.693535698344618e-05,3.93560938778534e-05,2.2782924477222544e-05,4.015313754453178e-06,5.190561661542267e-05,3.146551063108751e-05,2.1806231912691763e-05,6.509208903194053e-06,1.1207076341060763e-05,1.931406505838301e-05,1.2955617752979312e-05,1.8912178985380778e-05,9.462940330179519e-05,5.722973053075032e-05,0.00024124440034568862,4.0957453009371187e-05
55,4.6000823205787574e-05,7.660585996137588e-05,4.2138198870332686e-05,4.999936199193911e-06,5.8413718665277677e-05,3.276578921179784e-05,3.109891704982018e-05,7.863928721020597e-06,1.577788747396631e-05,2.067297331376854e-05,1.5266834149799895e-05,3.2406891896804744e-05,9.316602183753709e-05,6.825980957517545e-05,0.000240516673901303,2.8777787366952188e-05
56,7.241652159795717e-05,0.00012840655012499012,6.78276590695428e-05,8.679264060763277e-06,6.0828476882963e-05,2.841954954095665e-05,3.9981644129639725e-05,1.4087254449469508e-05,2.178522270255125e-05,2.112596724843911e-05,2.372476883985308e-05,5.498599582426442e-05,0.00012168413378371563,8.971680130579291e-05,0.00025921647555847123,4.456809381368526e-05
57,4.4100373264685106e-05,0.00019270432946534206,9.84595184109985e-05,1.1821503458381715e-05,6.044536400384624e-05,1.6737737453869427e-05,4.947562109316372e-05,2.7066590607683166e-05,2.883642295964024e-05,3.0100354685855996e-05,3.0451426045483425e-05,8.853442206428026e-05,8.003490377883549e-05,8.458590062885504e-05,0.00025723934801983694,1.4399019715097683e-05
58,5.6206088661402266e-05,0.0002663004562463879,0.00011536377635825023,1.570192076318378e-05,5.015461560911992e-05,1.849402669499225e-05,4.550233836701977e-05,6.100444659781321e-05,4.1314831914101976e-05,4.858091831968169e-05,5.306638258927074e-05,0.00013214714592179507,5.456617253376394e-05,7.376884298046571e-05,0.0004104116676938771,3.1870641434944376e-05
59,3.750951012603684e-05,0.00033065331141535827,0.00010023899054849662,1.3031182565906953e-05,4.098832542675667e-05,7.903640979867826e-05,2.6203355014671408e-05,0.00010956570846235485,5.280957000958078e-05,9.38701123551423e-05,9.086779448392099e-05,0.00015739030782891094,2.790076815184339e-05,3.319264304832524e-05,0.00045907330876097913,4.257410862379552e-05
60,1.4799696977166213e-05,0.0003007873424489795,3.235307555487346e-05,1.2705322800067673e-05,2.3473496016825165e-05,0.00012323478922731442,2.2883535955699053e-05,0.00014904535092738719,5.328260363052197e-05,0.00013964849823778667,0.00012142754946619108,0.00013387311232559,8.25857182225578e-05,1.8107169710370148e-05,0.0003874198770487692,3.013420667728327e-05
