Case,Date,Stock,Feature,SHAP_Contribution,Abs_SHAP_Contribution
Highest predicted volatility,2025-01-22,ETERNAL,Daily_Return,-0.0005873048742393753,0.0005873048742393753
Highest predicted volatility,2025-01-22,ETERNAL,Rolling_Volatility_20D,0.0028178757351130547,0.0028178757351130547
Highest predicted volatility,2025-01-22,ETERNAL,Rolling_Volatility_60D,0.00040794289376208366,0.00040794289376208366
Highest predicted volatility,2025-01-22,ETERNAL,Price_MA20_Ratio,0.00034763885424105576,0.00034763885424105576
Highest predicted volatility,2025-01-22,ETERNAL,Price_MA50_Ratio,0.0005625487933002555,0.0005625487933002555
Highest predicted volatility,2025-01-22,ETERNAL,Momentum_20D,-0.00045448725145978003,0.00045448725145978003
Highest predicted volatility,2025-01-22,ETERNAL,RSI_14,-0.00034430540191299674,0.00034430540191299674
Highest predicted volatility,2025-01-22,ETERNAL,MACD,0.0007079202194602535,0.0007079202194602535
Highest predicted volatility,2025-01-22,ETERNAL,MACD_Histogram,0.00010649733099337727,0.00010649733099337727
Highest predicted volatility,2025-01-22,ETERNAL,ATR_14,0.0004611697166026714,0.0004611697166026714
Highest predicted volatility,2025-01-22,ETERNAL,Beta_Causal,0.001598891509829249,0.001598891509829249
Highest predicted volatility,2025-01-22,ETERNAL,Volatility_Ratio,-0.0012807184871018186,0.0012807184871018186
Highest predicted volatility,2025-01-22,ETERNAL,Volume_Ratio,0.00010699253581416469,0.00010699253581416469
Highest predicted volatility,2025-01-22,ETERNAL,Volume_Change,-0.0004665628710892678,0.0004665628710892678
Highest predicted volatility,2025-01-22,ETERNAL,High_Low_Pct,0.013362941854958905,0.013362941854958905
Highest predicted volatility,2025-01-22,ETERNAL,Gap_Pct,-0.0012012057992473355,0.0012012057992473355
Lowest predicted volatility,2025-11-12,MARUTI,Daily_Return,-9.336028717299426e-05,9.336028717299426e-05
Lowest predicted volatility,2025-11-12,MARUTI,Rolling_Volatility_20D,-0.0020656401185114416,0.0020656401185114416
Lowest predicted volatility,2025-11-12,MARUTI,Rolling_Volatility_60D,-0.0003568169813523889,0.0003568169813523889
Lowest predicted volatility,2025-11-12,MARUTI,Price_MA20_Ratio,4.693950818973139e-05,4.693950818973139e-05
Lowest predicted volatility,2025-11-12,MARUTI,Price_MA50_Ratio,-0.00036907121900876317,0.00036907121900876317
Lowest predicted volatility,2025-11-12,MARUTI,Momentum_20D,-0.00018454711424244376,0.00018454711424244376
Lowest predicted volatility,2025-11-12,MARUTI,RSI_14,0.00021082026385180623,0.00021082026385180623
Lowest predicted volatility,2025-11-12,MARUTI,MACD,-3.497104523835789e-05,3.497104523835789e-05
Lowest predicted volatility,2025-11-12,MARUTI,MACD_Histogram,-0.005851499772119657,0.005851499772119657
Lowest predicted volatility,2025-11-12,MARUTI,ATR_14,-0.00207720796209668,0.00207720796209668
Lowest predicted volatility,2025-11-12,MARUTI,Beta_Causal,1.1437401339574844e-05,1.1437401339574844e-05
Lowest predicted volatility,2025-11-12,MARUTI,Volatility_Ratio,0.0006754844297024811,0.0006754844297024811
Lowest predicted volatility,2025-11-12,MARUTI,Volume_Ratio,-0.0005323519040650943,0.0005323519040650943
Lowest predicted volatility,2025-11-12,MARUTI,Volume_Change,-6.595560619659951e-05,6.595560619659951e-05
Lowest predicted volatility,2025-11-12,MARUTI,High_Low_Pct,-0.0022938721093106722,0.0022938721093106722
Lowest predicted volatility,2025-11-12,MARUTI,Gap_Pct,0.00020550241288901376,0.00020550241288901376
Largest prediction error,2025-03-06,INDUSINDBK,Daily_Return,-0.00038670736618050424,0.00038670736618050424
Largest prediction error,2025-03-06,INDUSINDBK,Rolling_Volatility_20D,0.00014838777696098273,0.00014838777696098273
Largest prediction error,2025-03-06,INDUSINDBK,Rolling_Volatility_60D,3.627609631483384e-05,3.627609631483384e-05
Largest prediction error,2025-03-06,INDUSINDBK,Price_MA20_Ratio,5.7613425238729705e-05,5.7613425238729705e-05
Largest prediction error,2025-03-06,INDUSINDBK,Price_MA50_Ratio,-2.1299262917244603e-05,2.1299262917244603e-05
Largest prediction error,2025-03-06,INDUSINDBK,Momentum_20D,-0.0006009197685530924,0.0006009197685530924
Largest prediction error,2025-03-06,INDUSINDBK,RSI_14,0.00018294990025592697,0.00018294990025592697
Largest prediction error,2025-03-06,INDUSINDBK,MACD,-0.00010496382135550598,0.00010496382135550598
Largest prediction error,2025-03-06,INDUSINDBK,MACD_Histogram,0.00023848901044458914,0.00023848901044458914
Largest prediction error,2025-03-06,INDUSINDBK,ATR_14,-5.311614601217871e-05,5.311614601217871e-05
Largest prediction error,2025-03-06,INDUSINDBK,Beta_Causal,0.001008315831366711,0.001008315831366711
Largest prediction error,2025-03-06,INDUSINDBK,Volatility_Ratio,-0.0003531313282282585,0.0003531313282282585
Largest prediction error,2025-03-06,INDUSINDBK,Volume_Ratio,-0.002438606205363904,0.002438606205363904
Largest prediction error,2025-03-06,INDUSINDBK,Volume_Change,-0.0006926002945881979,0.0006926002945881979
Largest prediction error,2025-03-06,INDUSINDBK,High_Low_Pct,0.0011854532699043993,0.0011854532699043993
Largest prediction error,2025-03-06,INDUSINDBK,Gap_Pct,9.20793059154063e-05,9.20793059154063e-05
Closest to risk threshold,2025-02-10,BEL,Daily_Return,-0.00012564513854986686,0.00012564513854986686
Closest to risk threshold,2025-02-10,BEL,Rolling_Volatility_20D,0.002823789295779044,0.002823789295779044
Closest to risk threshold,2025-02-10,BEL,Rolling_Volatility_60D,0.000491170988711865,0.000491170988711865
Closest to risk threshold,2025-02-10,BEL,Price_MA20_Ratio,3.4245193683460676e-05,3.4245193683460676e-05
Closest to risk threshold,2025-02-10,BEL,Price_MA50_Ratio,-0.00044019202702630665,0.00044019202702630665
Closest to risk threshold,2025-02-10,BEL,Momentum_20D,0.0004550247247211902,0.0004550247247211902
Closest to risk threshold,2025-02-10,BEL,RSI_14,-2.264724037570272e-05,2.264724037570272e-05
Closest to risk threshold,2025-02-10,BEL,MACD,0.00017722623400532846,0.00017722623400532846
Closest to risk threshold,2025-02-10,BEL,MACD_Histogram,-3.4188622877456216e-05,3.4188622877456216e-05
Closest to risk threshold,2025-02-10,BEL,ATR_14,0.0003361419847499697,0.0003361419847499697
Closest to risk threshold,2025-02-10,BEL,Beta_Causal,0.000127249414347637,0.000127249414347637
Closest to risk threshold,2025-02-10,BEL,Volatility_Ratio,-0.0017499976415555488,0.0017499976415555488
Closest to risk threshold,2025-02-10,BEL,Volume_Ratio,-0.0012111126158507815,0.0012111126158507815
Closest to risk threshold,2025-02-10,BEL,Volume_Change,-5.0484602116708983e-05,5.0484602116708983e-05
Closest to risk threshold,2025-02-10,BEL,High_Low_Pct,0.0029224114811595954,0.0029224114811595954
Closest to risk threshold,2025-02-10,BEL,Gap_Pct,-0.0005851799916504719,0.0005851799916504719
