Stock,Rows,Missing_Values,Duplicate_Rows,Missing_Columns,Invalid_OHLC,Invalid_Prices,Negative_Volume,Zero_Volume,Dates_Sorted,Start_Date,End_Date
ADANIENT,1487,0,0,0,0,0,0,1,True,2020-01-01,2025-12-31
ADANIPORTS,1487,0,0,0,0,0,0,1,True,2020-01-01,2025-12-31
APOLLOHOSP,1487,0,0,0,0,0,0,1,True,2020-01-01,2025-12-31
ASIANPAINT,1487,0,0,0,0,0,0,1,True,2020-01-01,2025-12-31
AXISBANK,1487,0,0,0,0,0,0,1,True,2020-01-01,2025-12-31
BAJAJ-AUTO,1487,0,0,0,0,0,0,2,True,2020-01-01,2025-12-31
BAJAJFINSV,1487,0,0,0,0,0,0,1,True,2020-01-01,2025-12-31
BAJFINANCE,1487,0,0,0,0,0,0,1,True,2020-01-01,2025-12-31
BEL,1487,0,0,0,0,0,0,1,True,2020-01-01,2025-12-31
BHARTIARTL,1487,0,0,0,0,0,0,1,True,2020-01-01,2025-12-31
CIPLA,1487,0,0,0,0,0,0,1,True,2020-01-01,2025-12-31
COALINDIA,1487,0,0,0,0,0,0,1,True,2020-01-01,2025-12-31
DRREDDY,1487,0,0,0,0,0,0,1,True,2020-01-01,2025-12-31
EICHERMOT,1487,0,0,0,0,0,0,1,True,2020-01-01,2025-12-31
ETERNAL,1099,0,0,0,0,0,0,4,True,2021-07-23,2025-12-31
GRASIM,1487,0,0,0,0,0,0,1,True,2020-01-01,2025-12-31
HCLTECH,1487,0,0,0,0,0,0,1,True,2020-01-01,2025-12-31
HDFCBANK,1487,0,0,0,0,0,0,1,True,2020-01-01,2025-12-31
HDFCLIFE,1487,0,0,0,0,0,0,1,True,2020-01-01,2025-12-31
HEROMOTOCO,1487,0,0,0,0,0,0,1,True,2020-01-01,2025-12-31
HINDALCO,1487,0,0,0,0,0,0,1,True,2020-01-01,2025-12-31
HINDUNILVR,1487,0,0,0,0,0,0,1,True,2020-01-01,2025-12-31
ICICIBANK,1487,0,0,0,0,0,0,1,True,2020-01-01,2025-12-31
INDUSINDBK,1487,0,0,0,0,0,0,1,True,2020-01-01,2025-12-31
INFY,1487,0,0,0,0,0,0,1,True,2020-01-01,2025-12-31
ITC,1487,0,0,0,0,0,0,0,True,2020-01-01,2025-12-31
JIOFIN,584,0,0,0,0,0,0,2,True,2023-08-21,2025-12-31
JSWSTEEL,1487,0,0,0,0,0,0,4,True,2020-01-01,2025-12-31
KOTAKBANK,1487,0,0,0,0,0,0,1,True,2020-01-01,2025-12-31
LT,1487,0,0,0,0,0,0,1,True,2020-01-01,2025-12-31
M&M,1487,0,0,0,0,0,0,2,True,2020-01-01,2025-12-31
MARUTI,1487,0,0,0,0,0,0,1,True,2020-01-01,2025-12-31
NESTLEIND,1487,0,0,0,0,0,0,1,True,2020-01-01,2025-12-31
NTPC,1487,0,0,0,0,0,0,1,True,2020-01-01,2025-12-31
ONGC,1487,0,0,0,0,0,0,1,True,2020-01-01,2025-12-31
POWERGRID,1487,0,0,0,0,0,0,1,True,2020-01-01,2025-12-31
RELIANCE,1487,0,0,0,0,0,0,1,True,2020-01-01,2025-12-31
SBILIFE,1487,0,0,0,0,0,0,1,True,2020-01-01,2025-12-31
SBIN,1487,0,0,0,0,0,0,1,True,2020-01-01,2025-12-31
SHRIRAMFIN,1487,0,0,0,0,0,0,2,True,2020-01-01,2025-12-31
SUNPHARMA,1487,0,0,0,0,0,0,1,True,2020-01-01,2025-12-31
TATACONSUM,1487,0,0,0,0,0,0,1,True,2020-01-01,2025-12-31
TATASTEEL,1487,0,0,0,0,0,0,1,True,2020-01-01,2025-12-31
TCS,1487,0,0,0,0,0,0,1,True,2020-01-01,2025-12-31
TECHM,1487,0,0,0,0,0,0,1,True,2020-01-01,2025-12-31
TITAN,1487,0,0,0,0,0,0,1,True,2020-01-01,2025-12-31
TRENT,1487,0,0,0,0,0,0,1,True,2020-01-01,2025-12-31
ULTRACEMCO,1487,0,0,0,0,0,0,1,True,2020-01-01,2025-12-31
WIPRO,1487,0,0,0,0,0,0,1,True,2020-01-01,2025-12-31
