Feature,Importance
Rolling_Volatility_60D,0.32716924775042505
Rolling_Volatility_20D,0.1888804384553322
Beta_Causal,0.114314312577408
High_Low_Pct,0.09009638282793593
Volume_MA20,0.044049579694499005
Price_MA50_Ratio,0.04195854254798583
Volatility_Ratio,0.03289114790043534
ATR_14,0.030048310336227176
Momentum_20D,0.027936504544573738
MACD,0.02037724509760049
Price_Range,0.019400983664093645
Price_MA20_Ratio,0.018781045979764183
MACD_Histogram,0.013243027182992296
RSI_14,0.009185947803916236
Volume_Ratio,0.007268755561684356
Gap_Pct,0.00591791284822762
Daily_Return,0.005257864327269845
Volume_Change,0.003222750899629107
