Feature,SHAP_Contribution,Abs_Contribution
High_Low_Pct,0.014054188535450754,0.014054188535450754
Rolling_Volatility_20D,0.0031936889909262864,0.0031936889909262864
Beta_Causal,0.0013946660080575994,0.0013946660080575994
Volatility_Ratio,-0.0012977805491812865,0.0012977805491812865
Gap_Pct,-0.001218679035623081,0.001218679035623081
MACD,0.0008478222579582273,0.0008478222579582273
Daily_Return,-0.0005932643685156445,0.0005932643685156445
Price_MA50_Ratio,0.0005421762189205903,0.0005421762189205903
ATR_14,0.0005186652517157183,0.0005186652517157183
Momentum_20D,-0.00045892428197324357,0.00045892428197324357
Volume_Change,-0.0004564167155563121,0.0004564167155563121
Price_MA20_Ratio,0.00039339764093350866,0.00039339764093350866
Rolling_Volatility_60D,0.000376579879788323,0.000376579879788323
RSI_14,-0.0003542136768375382,0.0003542136768375382
MACD_Histogram,9.509499419052276e-05,9.509499419052276e-05
Volume_Ratio,1.8169006502434016e-05,1.8169006502434016e-05
