Model,Split,Accuracy,Balanced_Accuracy,Precision,Recall,F1,ROC_AUC
Logistic Regression,Train,0.7747419418196102,0.745225271472016,0.5388675623800384,0.6861906424581006,0.603670711104285,0.8289879966783128
Logistic Regression,Validation,0.7890249433106576,0.6134021987981831,0.27139240506329115,0.37666900913562895,0.3154796939376104,0.7240109996994946
Logistic Regression,Test,0.885013036051425,0.7128075497527495,0.3287037037037037,0.5101796407185629,0.3998122946973252,0.8549347649956697
Decision Tree,Train,0.741745411692818,0.7687342114093633,0.4901705845641772,0.8227129888268156,0.6143266849172208,0.85931498984304
Decision Tree,Validation,0.7440362811791383,0.6348633080804348,0.24901327592393255,0.4877020379479972,0.32969121140142515,0.6978439356523143
Decision Tree,Test,0.8358356558482424,0.7858097568471145,0.27528344671201815,0.7269461077844311,0.3993421052631579,0.8371947784058633
Random Forest,Train,0.8332933243131179,0.8321815992361778,0.6255674715441806,0.8299581005586593,0.7134121178015381,0.9215458680439677
Random Forest,Validation,0.7905668934240363,0.613389537463134,0.2730532786885246,0.37456078706957135,0.31585185185185183,0.7123334430649038
Random Forest,Test,0.879708711678504,0.736900033525484,0.3269098417068135,0.5688622754491018,0.4152097902097902,0.8492452109777334
